"Pos","Squad","stat","total_value"
"DF","Arsenal","Aer.lost",118
"DF","Arsenal","Ass",5
"DF","Arsenal","Blocks",119
"DF","Arsenal","Cha.lost",68
"DF","Arsenal","Clr",245
"DF","Arsenal","Cmp.",86.02
"DF","Arsenal","Dist",14.8571428571429
"DF","Arsenal","Err",7
"DF","Arsenal","FK",0
"DF","Arsenal","G.Sh",0.98
"DF","Arsenal","Gls",11
"DF","Arsenal","Int",107
"DF","Arsenal","PK",0
"DF","Arsenal","PenS",0
"DF","Arsenal","Rcd",1
"DF","Arsenal","Saves",0
"DF","Arsenal","Sh",77
"DF","Arsenal","SoT",24
"DF","Arsenal","Tkl",179
"DF","Arsenal","TklW",105
"DF","Arsenal","xG",8.2
"DF","Aston Villa","Aer.lost",107
"DF","Aston Villa","Ass",5
"DF","Aston Villa","Blocks",143
"DF","Aston Villa","Cha.lost",77
"DF","Aston Villa","Clr",353
"DF","Aston Villa","Cmp.",87.0666666666667
"DF","Aston Villa","Dist",13.3428571428571
"DF","Aston Villa","Err",6
"DF","Aston Villa","FK",5
"DF","Aston Villa","G.Sh",0.61
"DF","Aston Villa","Gls",8
"DF","Aston Villa","Int",100
"DF","Aston Villa","PK",0
"DF","Aston Villa","PenS",0
"DF","Aston Villa","Rcd",0
"DF","Aston Villa","Saves",0
"DF","Aston Villa","Sh",99
"DF","Aston Villa","SoT",34
"DF","Aston Villa","Tkl",211
"DF","Aston Villa","TklW",116
"DF","Aston Villa","xG",11.3
"DF","Bournemouth","Aer.lost",203
"DF","Bournemouth","Ass",6
"DF","Bournemouth","Blocks",209
"DF","Bournemouth","Cha.lost",121
"DF","Bournemouth","Clr",506
"DF","Bournemouth","Cmp.",76.1125
"DF","Bournemouth","Dist",12.18
"DF","Bournemouth","Err",8
"DF","Bournemouth","FK",0
"DF","Bournemouth","G.Sh",0.56
"DF","Bournemouth","Gls",4
"DF","Bournemouth","Int",140
"DF","Bournemouth","PK",0
"DF","Bournemouth","PenS",0
"DF","Bournemouth","Rcd",0
"DF","Bournemouth","Saves",0
"DF","Bournemouth","Sh",28
"DF","Bournemouth","SoT",10
"DF","Bournemouth","Tkl",266
"DF","Bournemouth","TklW",164
"DF","Bournemouth","xG",2.9
"DF","Brentford","Aer.lost",201
"DF","Brentford","Ass",4
"DF","Brentford","Blocks",179
"DF","Brentford","Cha.lost",83
"DF","Brentford","Clr",552
"DF","Brentford","Cmp.",73.0727272727273
"DF","Brentford","Dist",14.75
"DF","Brentford","Err",11
"DF","Brentford","FK",0
"DF","Brentford","G.Sh",1.06
"DF","Brentford","Gls",11
"DF","Brentford","Int",158
"DF","Brentford","PK",0
"DF","Brentford","PenS",0
"DF","Brentford","Rcd",1
"DF","Brentford","Saves",0
"DF","Brentford","Sh",117
"DF","Brentford","SoT",31
"DF","Brentford","Tkl",241
"DF","Brentford","TklW",144
"DF","Brentford","xG",13
"DF","Brighton","Aer.lost",122
"DF","Brighton","Ass",6
"DF","Brighton","Blocks",158
"DF","Brighton","Cha.lost",87
"DF","Brighton","Clr",301
"DF","Brighton","Cmp.",87.3625
"DF","Brighton","Dist",14.85
"DF","Brighton","Err",7
"DF","Brighton","FK",4
"DF","Brighton","G.Sh",0.49
"DF","Brighton","Gls",8
"DF","Brighton","Int",120
"DF","Brighton","PK",0
"DF","Brighton","PenS",0
"DF","Brighton","Rcd",1
"DF","Brighton","Saves",0
"DF","Brighton","Sh",79
"DF","Brighton","SoT",34
"DF","Brighton","Tkl",169
"DF","Brighton","TklW",103
"DF","Brighton","xG",7.6
"DF","Burnley","Aer.lost",218
"DF","Burnley","Ass",5
"DF","Burnley","Blocks",196
"DF","Burnley","Cha.lost",120
"DF","Burnley","Clr",504
"DF","Burnley","Cmp.",80.7
"DF","Burnley","Dist",16.4166666666667
"DF","Burnley","Err",12
"DF","Burnley","FK",0
"DF","Burnley","G.Sh",0.36
"DF","Burnley","Gls",4
"DF","Burnley","Int",132
"DF","Burnley","PK",0
"DF","Burnley","PenS",0
"DF","Burnley","Rcd",1
"DF","Burnley","Saves",0
"DF","Burnley","Sh",56
"DF","Burnley","SoT",13
"DF","Burnley","Tkl",246
"DF","Burnley","TklW",129
"DF","Burnley","xG",3.8
"DF","Chelsea","Aer.lost",160
"DF","Chelsea","Ass",6
"DF","Chelsea","Blocks",183
"DF","Chelsea","Cha.lost",90
"DF","Chelsea","Clr",500
"DF","Chelsea","Cmp.",83.8090909090909
"DF","Chelsea","Dist",15.325
"DF","Chelsea","Err",9
"DF","Chelsea","FK",4
"DF","Chelsea","G.Sh",0.52
"DF","Chelsea","Gls",6
"DF","Chelsea","Int",127
"DF","Chelsea","PK",0
"DF","Chelsea","PenS",0
"DF","Chelsea","Rcd",2
"DF","Chelsea","Saves",0
"DF","Chelsea","Sh",74
"DF","Chelsea","SoT",22
"DF","Chelsea","Tkl",277
"DF","Chelsea","TklW",161
"DF","Chelsea","xG",6.6
"DF","Crystal Palace","Aer.lost",172
"DF","Crystal Palace","Ass",3
"DF","Crystal Palace","Blocks",163
"DF","Crystal Palace","Cha.lost",61
"DF","Crystal Palace","Clr",547
"DF","Crystal Palace","Cmp.",79.5333333333333
"DF","Crystal Palace","Dist",12.0666666666667
"DF","Crystal Palace","Err",2
"DF","Crystal Palace","FK",1
"DF","Crystal Palace","G.Sh",0.48
"DF","Crystal Palace","Gls",4
"DF","Crystal Palace","Int",119
"DF","Crystal Palace","PK",0
"DF","Crystal Palace","PenS",0
"DF","Crystal Palace","Rcd",0
"DF","Crystal Palace","Saves",0
"DF","Crystal Palace","Sh",30
"DF","Crystal Palace","SoT",11
"DF","Crystal Palace","Tkl",276
"DF","Crystal Palace","TklW",166
"DF","Crystal Palace","xG",2.3
"DF","Everton","Aer.lost",208
"DF","Everton","Ass",4
"DF","Everton","Blocks",226
"DF","Everton","Cha.lost",129
"DF","Everton","Clr",604
"DF","Everton","Cmp.",74.0571428571429
"DF","Everton","Dist",14.4666666666667
"DF","Everton","Err",8
"DF","Everton","FK",3
"DF","Everton","G.Sh",0.52
"DF","Everton","Gls",6
"DF","Everton","Int",194
"DF","Everton","PK",0
"DF","Everton","PenS",0
"DF","Everton","Rcd",1
"DF","Everton","Saves",0
"DF","Everton","Sh",83
"DF","Everton","SoT",20
"DF","Everton","Tkl",320
"DF","Everton","TklW",197
"DF","Everton","xG",8
"DF","Fulham","Aer.lost",153
"DF","Fulham","Ass",3
"DF","Fulham","Blocks",203
"DF","Fulham","Cha.lost",115
"DF","Fulham","Clr",526
"DF","Fulham","Cmp.",83.2
"DF","Fulham","Dist",11.8
"DF","Fulham","Err",11
"DF","Fulham","FK",0
"DF","Fulham","G.Sh",1.59
"DF","Fulham","Gls",5
"DF","Fulham","Int",229
"DF","Fulham","PK",0
"DF","Fulham","PenS",0
"DF","Fulham","Rcd",2
"DF","Fulham","Saves",0
"DF","Fulham","Sh",53
"DF","Fulham","SoT",19
"DF","Fulham","Tkl",289
"DF","Fulham","TklW",164
"DF","Fulham","xG",5.1
"DF","Liverpool","Aer.lost",100
"DF","Liverpool","Ass",9
"DF","Liverpool","Blocks",157
"DF","Liverpool","Cha.lost",138
"DF","Liverpool","Clr",346
"DF","Liverpool","Cmp.",81.1875
"DF","Liverpool","Dist",16.4
"DF","Liverpool","Err",8
"DF","Liverpool","FK",4
"DF","Liverpool","G.Sh",0.36
"DF","Liverpool","Gls",6
"DF","Liverpool","Int",135
"DF","Liverpool","PK",0
"DF","Liverpool","PenS",0
"DF","Liverpool","Rcd",1
"DF","Liverpool","Saves",0
"DF","Liverpool","Sh",108
"DF","Liverpool","SoT",25
"DF","Liverpool","Tkl",240
"DF","Liverpool","TklW",165
"DF","Liverpool","xG",7
"DF","Luton Town","Aer.lost",185
"DF","Luton Town","Ass",7
"DF","Luton Town","Blocks",234
"DF","Luton Town","Cha.lost",120
"DF","Luton Town","Clr",565
"DF","Luton Town","Cmp.",74.6090909090909
"DF","Luton Town","Dist",13.69
"DF","Luton Town","Err",7
"DF","Luton Town","FK",1
"DF","Luton Town","G.Sh",0.9
"DF","Luton Town","Gls",6
"DF","Luton Town","Int",206
"DF","Luton Town","PK",0
"DF","Luton Town","PenS",0
"DF","Luton Town","Rcd",0
"DF","Luton Town","Saves",0
"DF","Luton Town","Sh",73
"DF","Luton Town","SoT",21
"DF","Luton Town","Tkl",305
"DF","Luton Town","TklW",178
"DF","Luton Town","xG",5.9
"DF","Manchester City","Aer.lost",53
"DF","Manchester City","Ass",3
"DF","Manchester City","Blocks",66
"DF","Manchester City","Cha.lost",44
"DF","Manchester City","Clr",138
"DF","Manchester City","Cmp.",93.24
"DF","Manchester City","Dist",16.7625
"DF","Manchester City","Err",4
"DF","Manchester City","FK",1
"DF","Manchester City","G.Sh",0.96
"DF","Manchester City","Gls",7
"DF","Manchester City","Int",64
"DF","Manchester City","PK",0
"DF","Manchester City","PenS",0
"DF","Manchester City","Rcd",1
"DF","Manchester City","Saves",0
"DF","Manchester City","Sh",92
"DF","Manchester City","SoT",33
"DF","Manchester City","Tkl",92
"DF","Manchester City","TklW",60
"DF","Manchester City","xG",7.5
"DF","Manchester Utd","Aer.lost",93
"DF","Manchester Utd","Ass",7
"DF","Manchester Utd","Blocks",156
"DF","Manchester Utd","Cha.lost",57
"DF","Manchester Utd","Clr",391
"DF","Manchester Utd","Cmp.",86.0285714285714
"DF","Manchester Utd","Dist",15.12
"DF","Manchester Utd","Err",3
"DF","Manchester Utd","FK",0
"DF","Manchester Utd","G.Sh",0.4
"DF","Manchester Utd","Gls",4
"DF","Manchester Utd","Int",136
"DF","Manchester Utd","PK",0
"DF","Manchester Utd","PenS",0
"DF","Manchester Utd","Rcd",1
"DF","Manchester Utd","Saves",0
"DF","Manchester Utd","Sh",58
"DF","Manchester Utd","SoT",13
"DF","Manchester Utd","Tkl",183
"DF","Manchester Utd","TklW",116
"DF","Manchester Utd","xG",5.1
"DF","Newcastle Utd","Aer.lost",142
"DF","Newcastle Utd","Ass",9
"DF","Newcastle Utd","Blocks",176
"DF","Newcastle Utd","Cha.lost",121
"DF","Newcastle Utd","Clr",371
"DF","Newcastle Utd","Cmp.",86.52
"DF","Newcastle Utd","Dist",14.9714285714286
"DF","Newcastle Utd","Err",9
"DF","Newcastle Utd","FK",6
"DF","Newcastle Utd","G.Sh",1.05
"DF","Newcastle Utd","Gls",10
"DF","Newcastle Utd","Int",122
"DF","Newcastle Utd","PK",0
"DF","Newcastle Utd","PenS",0
"DF","Newcastle Utd","Rcd",0
"DF","Newcastle Utd","Saves",0
"DF","Newcastle Utd","Sh",76
"DF","Newcastle Utd","SoT",20
"DF","Newcastle Utd","Tkl",228
"DF","Newcastle Utd","TklW",128
"DF","Newcastle Utd","xG",7.2
"DF","Nott'ham Forest","Aer.lost",177
"DF","Nott'ham Forest","Ass",7
"DF","Nott'ham Forest","Blocks",240
"DF","Nott'ham Forest","Cha.lost",109
"DF","Nott'ham Forest","Clr",683
"DF","Nott'ham Forest","Cmp.",77.0615384615385
"DF","Nott'ham Forest","Dist",18.675
"DF","Nott'ham Forest","Err",5
"DF","Nott'ham Forest","FK",2
"DF","Nott'ham Forest","G.Sh",0.55
"DF","Nott'ham Forest","Gls",4
"DF","Nott'ham Forest","Int",174
"DF","Nott'ham Forest","PK",0
"DF","Nott'ham Forest","PenS",0
"DF","Nott'ham Forest","Rcd",3
"DF","Nott'ham Forest","Saves",0
"DF","Nott'ham Forest","Sh",68
"DF","Nott'ham Forest","SoT",20
"DF","Nott'ham Forest","Tkl",366
"DF","Nott'ham Forest","TklW",227
"DF","Nott'ham Forest","xG",6.2
"DF","Sheffield Utd","Aer.lost",211
"DF","Sheffield Utd","Ass",5
"DF","Sheffield Utd","Blocks",238
"DF","Sheffield Utd","Cha.lost",129
"DF","Sheffield Utd","Clr",605
"DF","Sheffield Utd","Cmp.",70.3692307692308
"DF","Sheffield Utd","Dist",14.3285714285714
"DF","Sheffield Utd","Err",7
"DF","Sheffield Utd","FK",0
"DF","Sheffield Utd","G.Sh",0.24
"DF","Sheffield Utd","Gls",4
"DF","Sheffield Utd","Int",170
"DF","Sheffield Utd","PK",0
"DF","Sheffield Utd","PenS",0
"DF","Sheffield Utd","Rcd",0
"DF","Sheffield Utd","Saves",0
"DF","Sheffield Utd","Sh",71
"DF","Sheffield Utd","SoT",21
"DF","Sheffield Utd","Tkl",281
"DF","Sheffield Utd","TklW",155
"DF","Sheffield Utd","xG",6.5
"DF","Tottenham","Aer.lost",167
"DF","Tottenham","Ass",10
"DF","Tottenham","Blocks",204
"DF","Tottenham","Cha.lost",128
"DF","Tottenham","Clr",463
"DF","Tottenham","Cmp.",88.0857142857143
"DF","Tottenham","Dist",15.3333333333333
"DF","Tottenham","Err",11
"DF","Tottenham","FK",4
"DF","Tottenham","G.Sh",1.16
"DF","Tottenham","Gls",11
"DF","Tottenham","Int",165
"DF","Tottenham","PK",0
"DF","Tottenham","PenS",0
"DF","Tottenham","Rcd",2
"DF","Tottenham","Saves",0
"DF","Tottenham","Sh",87
"DF","Tottenham","SoT",25
"DF","Tottenham","Tkl",336
"DF","Tottenham","TklW",213
"DF","Tottenham","xG",9.4
"DF","West Ham","Aer.lost",145
"DF","West Ham","Ass",7
"DF","West Ham","Blocks",161
"DF","West Ham","Cha.lost",56
"DF","West Ham","Clr",470
"DF","West Ham","Cmp.",82.1625
"DF","West Ham","Dist",15.5333333333333
"DF","West Ham","Err",5
"DF","West Ham","FK",0
"DF","West Ham","G.Sh",0.44
"DF","West Ham","Gls",6
"DF","West Ham","Int",123
"DF","West Ham","PK",0
"DF","West Ham","PenS",0
"DF","West Ham","Rcd",1
"DF","West Ham","Saves",0
"DF","West Ham","Sh",64
"DF","West Ham","SoT",17
"DF","West Ham","Tkl",209
"DF","West Ham","TklW",130
"DF","West Ham","xG",5.9
"DF","Wolves","Aer.lost",169
"DF","Wolves","Ass",2
"DF","Wolves","Blocks",209
"DF","Wolves","Cha.lost",57
"DF","Wolves","Clr",499
"DF","Wolves","Cmp.",83.3833333333333
"DF","Wolves","Dist",12.5333333333333
"DF","Wolves","Err",7
"DF","Wolves","FK",0
"DF","Wolves","G.Sh",0.47
"DF","Wolves","Gls",6
"DF","Wolves","Int",100
"DF","Wolves","PK",0
"DF","Wolves","PenS",0
"DF","Wolves","Rcd",0
"DF","Wolves","Saves",0
"DF","Wolves","Sh",76
"DF","Wolves","SoT",23
"DF","Wolves","Tkl",186
"DF","Wolves","TklW",105
"DF","Wolves","xG",9
"FW","Arsenal","Aer.lost",142
"FW","Arsenal","Ass",5
"FW","Arsenal","Blocks",133
"FW","Arsenal","Cha.lost",88
"FW","Arsenal","Clr",60
"FW","Arsenal","Cmp.",79.3
"FW","Arsenal","Dist",15.55
"FW","Arsenal","Err",2
"FW","Arsenal","FK",0
"FW","Arsenal","G.Sh",0.62
"FW","Arsenal","Gls",37
"FW","Arsenal","Int",46
"FW","Arsenal","PK",5
"FW","Arsenal","PenS",0
"FW","Arsenal","Rcd",0
"FW","Arsenal","Saves",0
"FW","Arsenal","Sh",265
"FW","Arsenal","SoT",87
"FW","Arsenal","Tkl",168
"FW","Arsenal","TklW",105
"FW","Arsenal","xG",34.6
"FW","Aston Villa","Aer.lost",99
"FW","Aston Villa","Ass",9
"FW","Aston Villa","Blocks",49
"FW","Aston Villa","Cha.lost",35
"FW","Aston Villa","Clr",34
"FW","Aston Villa","Cmp.",78.86
"FW","Aston Villa","Dist",15.2
"FW","Aston Villa","Err",0
"FW","Aston Villa","FK",0
"FW","Aston Villa","G.Sh",0.57
"FW","Aston Villa","Gls",27
"FW","Aston Villa","Int",16
"FW","Aston Villa","PK",0
"FW","Aston Villa","PenS",0
"FW","Aston Villa","Rcd",0
"FW","Aston Villa","Saves",0
"FW","Aston Villa","Sh",168
"FW","Aston Villa","SoT",68
"FW","Aston Villa","Tkl",41
"FW","Aston Villa","TklW",20
"FW","Aston Villa","xG",23.9
"FW","Bournemouth","Aer.lost",315
"FW","Bournemouth","Ass",3
"FW","Bournemouth","Blocks",136
"FW","Bournemouth","Cha.lost",89
"FW","Bournemouth","Clr",131
"FW","Bournemouth","Cmp.",62.6888888888889
"FW","Bournemouth","Dist",16.1111111111111
"FW","Bournemouth","Err",0
"FW","Bournemouth","FK",4
"FW","Bournemouth","G.Sh",0.82
"FW","Bournemouth","Gls",32
"FW","Bournemouth","Int",51
"FW","Bournemouth","PK",1
"FW","Bournemouth","PenS",0
"FW","Bournemouth","Rcd",0
"FW","Bournemouth","Saves",0
"FW","Bournemouth","Sh",274
"FW","Bournemouth","SoT",93
"FW","Bournemouth","Tkl",176
"FW","Bournemouth","TklW",106
"FW","Bournemouth","xG",34
"FW","Brentford","Aer.lost",274
"FW","Brentford","Ass",4
"FW","Brentford","Blocks",111
"FW","Brentford","Cha.lost",90
"FW","Brentford","Clr",85
"FW","Brentford","Cmp.",70.5333333333333
"FW","Brentford","Dist",15.4
"FW","Brentford","Err",0
"FW","Brentford","FK",12
"FW","Brentford","G.Sh",0.74
"FW","Brentford","Gls",27
"FW","Brentford","Int",42
"FW","Brentford","PK",3
"FW","Brentford","PenS",0
"FW","Brentford","Rcd",0
"FW","Brentford","Saves",0
"FW","Brentford","Sh",179
"FW","Brentford","SoT",64
"FW","Brentford","Tkl",118
"FW","Brentford","TklW",67
"FW","Brentford","xG",29.1
"FW","Brighton","Aer.lost",86
"FW","Brighton","Ass",1
"FW","Brighton","Blocks",98
"FW","Brighton","Cha.lost",91
"FW","Brighton","Clr",75
"FW","Brighton","Cmp.",78.125
"FW","Brighton","Dist",15.6428571428571
"FW","Brighton","Err",1
"FW","Brighton","FK",2
"FW","Brighton","G.Sh",1.02
"FW","Brighton","Gls",33
"FW","Brighton","Int",54
"FW","Brighton","PK",4
"FW","Brighton","PenS",0
"FW","Brighton","Rcd",0
"FW","Brighton","Saves",0
"FW","Brighton","Sh",219
"FW","Brighton","SoT",94
"FW","Brighton","Tkl",169
"FW","Brighton","TklW",85
"FW","Brighton","xG",28.1
"FW","Burnley","Aer.lost",236
"FW","Burnley","Ass",5
"FW","Burnley","Blocks",60
"FW","Burnley","Cha.lost",45
"FW","Burnley","Clr",58
"FW","Burnley","Cmp.",69.6285714285714
"FW","Burnley","Dist",16.12
"FW","Burnley","Err",1
"FW","Burnley","FK",0
"FW","Burnley","G.Sh",0.57
"FW","Burnley","Gls",14
"FW","Burnley","Int",14
"FW","Burnley","PK",1
"FW","Burnley","PenS",0
"FW","Burnley","Rcd",1
"FW","Burnley","Saves",0
"FW","Burnley","Sh",103
"FW","Burnley","SoT",47
"FW","Burnley","Tkl",73
"FW","Burnley","TklW",43
"FW","Burnley","xG",14.3
"FW","Chelsea","Aer.lost",169
"FW","Chelsea","Ass",2
"FW","Chelsea","Blocks",167
"FW","Chelsea","Cha.lost",134
"FW","Chelsea","Clr",131
"FW","Chelsea","Cmp.",78.34375
"FW","Chelsea","Dist",15.2571428571429
"FW","Chelsea","Err",9
"FW","Chelsea","FK",8
"FW","Chelsea","G.Sh",0.97
"FW","Chelsea","Gls",41
"FW","Chelsea","Int",115
"FW","Chelsea","PK",9
"FW","Chelsea","PenS",0
"FW","Chelsea","Rcd",0
"FW","Chelsea","Saves",0
"FW","Chelsea","Sh",236
"FW","Chelsea","SoT",92
"FW","Chelsea","Tkl",196
"FW","Chelsea","TklW",102
"FW","Chelsea","xG",40.8
"FW","Crystal Palace","Aer.lost",161
"FW","Crystal Palace","Ass",4
"FW","Crystal Palace","Blocks",90
"FW","Crystal Palace","Cha.lost",50
"FW","Crystal Palace","Clr",62
"FW","Crystal Palace","Cmp.",73.575
"FW","Crystal Palace","Dist",16.32
"FW","Crystal Palace","Err",0
"FW","Crystal Palace","FK",5
"FW","Crystal Palace","G.Sh",0.64
"FW","Crystal Palace","Gls",25
"FW","Crystal Palace","Int",39
"FW","Crystal Palace","PK",3
"FW","Crystal Palace","PenS",0
"FW","Crystal Palace","Rcd",0
"FW","Crystal Palace","Saves",0
"FW","Crystal Palace","Sh",170
"FW","Crystal Palace","SoT",67
"FW","Crystal Palace","Tkl",144
"FW","Crystal Palace","TklW",85
"FW","Crystal Palace","xG",20.8
"FW","Everton","Aer.lost",305
"FW","Everton","Ass",1
"FW","Everton","Blocks",37
"FW","Everton","Cha.lost",29
"FW","Everton","Clr",58
"FW","Everton","Cmp.",73.7125
"FW","Everton","Dist",13.26
"FW","Everton","Err",0
"FW","Everton","FK",0
"FW","Everton","G.Sh",0.3
"FW","Everton","Gls",14
"FW","Everton","Int",6
"FW","Everton","PK",1
"FW","Everton","PenS",0
"FW","Everton","Rcd",0
"FW","Everton","Saves",0
"FW","Everton","Sh",145
"FW","Everton","SoT",54
"FW","Everton","Tkl",30
"FW","Everton","TklW",14
"FW","Everton","xG",25
"FW","Fulham","Aer.lost",238
"FW","Fulham","Ass",0
"FW","Fulham","Blocks",141
"FW","Fulham","Cha.lost",104
"FW","Fulham","Clr",94
"FW","Fulham","Cmp.",74.6
"FW","Fulham","Dist",15.3111111111111
"FW","Fulham","Err",1
"FW","Fulham","FK",5
"FW","Fulham","G.Sh",1.11
"FW","Fulham","Gls",34
"FW","Fulham","Int",86
"FW","Fulham","PK",2
"FW","Fulham","PenS",0
"FW","Fulham","Rcd",1
"FW","Fulham","Saves",0
"FW","Fulham","Sh",261
"FW","Fulham","SoT",92
"FW","Fulham","Tkl",184
"FW","Fulham","TklW",114
"FW","Fulham","xG",30.9
"FW","Liverpool","Aer.lost",81
"FW","Liverpool","Ass",7
"FW","Liverpool","Blocks",49
"FW","Liverpool","Cha.lost",45
"FW","Liverpool","Clr",12
"FW","Liverpool","Cmp.",82.4166666666667
"FW","Liverpool","Dist",15
"FW","Liverpool","Err",0
"FW","Liverpool","FK",1
"FW","Liverpool","G.Sh",0.73
"FW","Liverpool","Gls",51
"FW","Liverpool","Int",23
"FW","Liverpool","PK",5
"FW","Liverpool","PenS",0
"FW","Liverpool","Rcd",0
"FW","Liverpool","Saves",0
"FW","Liverpool","Sh",344
"FW","Liverpool","SoT",137
"FW","Liverpool","Tkl",67
"FW","Liverpool","TklW",41
"FW","Liverpool","xG",53.6
"FW","Luton Town","Aer.lost",228
"FW","Luton Town","Ass",4
"FW","Luton Town","Blocks",44
"FW","Luton Town","Cha.lost",24
"FW","Luton Town","Clr",92
"FW","Luton Town","Cmp.",69.1333333333333
"FW","Luton Town","Dist",13
"FW","Luton Town","Err",0
"FW","Luton Town","FK",0
"FW","Luton Town","G.Sh",0.51
"FW","Luton Town","Gls",19
"FW","Luton Town","Int",8
"FW","Luton Town","PK",4
"FW","Luton Town","PenS",0
"FW","Luton Town","Rcd",0
"FW","Luton Town","Saves",0
"FW","Luton Town","Sh",94
"FW","Luton Town","SoT",36
"FW","Luton Town","Tkl",35
"FW","Luton Town","TklW",19
"FW","Luton Town","xG",16.1
"FW","Manchester City","Aer.lost",68
"FW","Manchester City","Ass",13
"FW","Manchester City","Blocks",72
"FW","Manchester City","Cha.lost",38
"FW","Manchester City","Clr",45
"FW","Manchester City","Cmp.",83.28
"FW","Manchester City","Dist",14.74
"FW","Manchester City","Err",1
"FW","Manchester City","FK",3
"FW","Manchester City","G.Sh",0.77
"FW","Manchester City","Gls",39
"FW","Manchester City","Int",35
"FW","Manchester City","PK",3
"FW","Manchester City","PenS",0
"FW","Manchester City","Rcd",0
"FW","Manchester City","Saves",0
"FW","Manchester City","Sh",248
"FW","Manchester City","SoT",97
"FW","Manchester City","Tkl",96
"FW","Manchester City","TklW",56
"FW","Manchester City","xG",35.9
"FW","Manchester Utd","Aer.lost",105
"FW","Manchester Utd","Ass",1
"FW","Manchester Utd","Blocks",85
"FW","Manchester Utd","Cha.lost",78
"FW","Manchester Utd","Clr",62
"FW","Manchester Utd","Cmp.",80.1
"FW","Manchester Utd","Dist",14.6428571428571
"FW","Manchester Utd","Err",0
"FW","Manchester Utd","FK",1
"FW","Manchester Utd","G.Sh",0.59
"FW","Manchester Utd","Gls",22
"FW","Manchester Utd","Int",37
"FW","Manchester Utd","PK",2
"FW","Manchester Utd","PenS",0
"FW","Manchester Utd","Rcd",0
"FW","Manchester Utd","Saves",0
"FW","Manchester Utd","Sh",204
"FW","Manchester Utd","SoT",68
"FW","Manchester Utd","Tkl",103
"FW","Manchester Utd","TklW",55
"FW","Manchester Utd","xG",23.9
"FW","Newcastle Utd","Aer.lost",95
"FW","Newcastle Utd","Ass",1
"FW","Newcastle Utd","Blocks",71
"FW","Newcastle Utd","Cha.lost",69
"FW","Newcastle Utd","Clr",49
"FW","Newcastle Utd","Cmp.",64.975
"FW","Newcastle Utd","Dist",15.4285714285714
"FW","Newcastle Utd","Err",0
"FW","Newcastle Utd","FK",0
"FW","Newcastle Utd","G.Sh",1.1
"FW","Newcastle Utd","Gls",41
"FW","Newcastle Utd","Int",27
"FW","Newcastle Utd","PK",7
"FW","Newcastle Utd","PenS",0
"FW","Newcastle Utd","Rcd",0
"FW","Newcastle Utd","Saves",0
"FW","Newcastle Utd","Sh",232
"FW","Newcastle Utd","SoT",95
"FW","Newcastle Utd","Tkl",96
"FW","Newcastle Utd","TklW",51
"FW","Newcastle Utd","xG",39.2
"FW","Nott'ham Forest","Aer.lost",250
"FW","Nott'ham Forest","Ass",3
"FW","Nott'ham Forest","Blocks",81
"FW","Nott'ham Forest","Cha.lost",58
"FW","Nott'ham Forest","Clr",71
"FW","Nott'ham Forest","Cmp.",70.8636363636364
"FW","Nott'ham Forest","Dist",15.04
"FW","Nott'ham Forest","Err",2
"FW","Nott'ham Forest","FK",1
"FW","Nott'ham Forest","G.Sh",0.98
"FW","Nott'ham Forest","Gls",28
"FW","Nott'ham Forest","Int",21
"FW","Nott'ham Forest","PK",0
"FW","Nott'ham Forest","PenS",0
"FW","Nott'ham Forest","Rcd",0
"FW","Nott'ham Forest","Saves",0
"FW","Nott'ham Forest","Sh",141
"FW","Nott'ham Forest","SoT",66
"FW","Nott'ham Forest","Tkl",96
"FW","Nott'ham Forest","TklW",49
"FW","Nott'ham Forest","xG",22.2
"FW","Sheffield Utd","Aer.lost",310
"FW","Sheffield Utd","Ass",2
"FW","Sheffield Utd","Blocks",121
"FW","Sheffield Utd","Cha.lost",56
"FW","Sheffield Utd","Clr",95
"FW","Sheffield Utd","Cmp.",74.1818181818182
"FW","Sheffield Utd","Dist",15.8166666666667
"FW","Sheffield Utd","Err",0
"FW","Sheffield Utd","FK",0
"FW","Sheffield Utd","G.Sh",0.65
"FW","Sheffield Utd","Gls",14
"FW","Sheffield Utd","Int",15
"FW","Sheffield Utd","PK",2
"FW","Sheffield Utd","PenS",0
"FW","Sheffield Utd","Rcd",2
"FW","Sheffield Utd","Saves",0
"FW","Sheffield Utd","Sh",93
"FW","Sheffield Utd","SoT",38
"FW","Sheffield Utd","Tkl",105
"FW","Sheffield Utd","TklW",66
"FW","Sheffield Utd","xG",14.3
"FW","Tottenham","Aer.lost",133
"FW","Tottenham","Ass",0
"FW","Tottenham","Blocks",227
"FW","Tottenham","Cha.lost",155
"FW","Tottenham","Clr",88
"FW","Tottenham","Cmp.",77.9583333333333
"FW","Tottenham","Dist",13.5875
"FW","Tottenham","Err",5
"FW","Tottenham","FK",0
"FW","Tottenham","G.Sh",1.22
"FW","Tottenham","Gls",39
"FW","Tottenham","Int",83
"FW","Tottenham","PK",1
"FW","Tottenham","PenS",0
"FW","Tottenham","Rcd",0
"FW","Tottenham","Saves",0
"FW","Tottenham","Sh",248
"FW","Tottenham","SoT",98
"FW","Tottenham","Tkl",215
"FW","Tottenham","TklW",125
"FW","Tottenham","xG",33.9
"FW","West Ham","Aer.lost",166
"FW","West Ham","Ass",2
"FW","West Ham","Blocks",82
"FW","West Ham","Cha.lost",60
"FW","West Ham","Clr",34
"FW","West Ham","Cmp.",73.75
"FW","West Ham","Dist",16.2833333333333
"FW","West Ham","Err",1
"FW","West Ham","FK",1
"FW","West Ham","G.Sh",0.7
"FW","West Ham","Gls",31
"FW","West Ham","Int",38
"FW","West Ham","PK",2
"FW","West Ham","PenS",0
"FW","West Ham","Rcd",0
"FW","West Ham","Saves",0
"FW","West Ham","Sh",205
"FW","West Ham","SoT",70
"FW","West Ham","Tkl",128
"FW","West Ham","TklW",85
"FW","West Ham","xG",25.4
"FW","Wolves","Aer.lost",128
"FW","Wolves","Ass",3
"FW","Wolves","Blocks",60
"FW","Wolves","Cha.lost",51
"FW","Wolves","Clr",42
"FW","Wolves","Cmp.",76.5
"FW","Wolves","Dist",14.8666666666667
"FW","Wolves","Err",1
"FW","Wolves","FK",2
"FW","Wolves","G.Sh",0.95
"FW","Wolves","Gls",23
"FW","Wolves","Int",30
"FW","Wolves","PK",2
"FW","Wolves","PenS",0
"FW","Wolves","Rcd",0
"FW","Wolves","Saves",0
"FW","Wolves","Sh",144
"FW","Wolves","SoT",60
"FW","Wolves","Tkl",70
"FW","Wolves","TklW",34
"FW","Wolves","xG",20.3
"GK","Arsenal","Aer.lost",1
"GK","Arsenal","Ass",0
"GK","Arsenal","Blocks",0
"GK","Arsenal","Cha.lost",0
"GK","Arsenal","Clr",11
"GK","Arsenal","Cmp.",72.3
"GK","Arsenal","Dist",0
"GK","Arsenal","Err",7
"GK","Arsenal","FK",0
"GK","Arsenal","G.Sh",0
"GK","Arsenal","Gls",0
"GK","Arsenal","Int",0
"GK","Arsenal","PK",0
"GK","Arsenal","PenS",0
"GK","Arsenal","Rcd",0
"GK","Arsenal","Saves",26
"GK","Arsenal","Sh",0
"GK","Arsenal","SoT",0
"GK","Arsenal","Tkl",1
"GK","Arsenal","TklW",1
"GK","Arsenal","xG",0
"GK","Aston Villa","Aer.lost",0
"GK","Aston Villa","Ass",0
"GK","Aston Villa","Blocks",0
"GK","Aston Villa","Cha.lost",0
"GK","Aston Villa","Clr",1
"GK","Aston Villa","Cmp.",81.3
"GK","Aston Villa","Dist",0
"GK","Aston Villa","Err",0
"GK","Aston Villa","FK",0
"GK","Aston Villa","G.Sh",0
"GK","Aston Villa","Gls",0
"GK","Aston Villa","Int",0
"GK","Aston Villa","PK",0
"GK","Aston Villa","PenS",0
"GK","Aston Villa","Rcd",0
"GK","Aston Villa","Saves",50
"GK","Aston Villa","Sh",0
"GK","Aston Villa","SoT",0
"GK","Aston Villa","Tkl",0
"GK","Aston Villa","TklW",0
"GK","Aston Villa","xG",0
"GK","Bournemouth","Aer.lost",0
"GK","Bournemouth","Ass",0
"GK","Bournemouth","Blocks",1
"GK","Bournemouth","Cha.lost",0
"GK","Bournemouth","Clr",14
"GK","Bournemouth","Cmp.",61.05
"GK","Bournemouth","Dist",0
"GK","Bournemouth","Err",3
"GK","Bournemouth","FK",0
"GK","Bournemouth","G.Sh",0
"GK","Bournemouth","Gls",0
"GK","Bournemouth","Int",1
"GK","Bournemouth","PK",0
"GK","Bournemouth","PenS",1
"GK","Bournemouth","Rcd",0
"GK","Bournemouth","Saves",60
"GK","Bournemouth","Sh",0
"GK","Bournemouth","SoT",0
"GK","Bournemouth","Tkl",0
"GK","Bournemouth","TklW",0
"GK","Bournemouth","xG",0
"GK","Brentford","Aer.lost",1
"GK","Brentford","Ass",0
"GK","Brentford","Blocks",1
"GK","Brentford","Cha.lost",4
"GK","Brentford","Clr",17
"GK","Brentford","Cmp.",72.4
"GK","Brentford","Dist",0
"GK","Brentford","Err",1
"GK","Brentford","FK",0
"GK","Brentford","G.Sh",0
"GK","Brentford","Gls",0
"GK","Brentford","Int",0
"GK","Brentford","PK",0
"GK","Brentford","PenS",0
"GK","Brentford","Rcd",0
"GK","Brentford","Saves",48
"GK","Brentford","Sh",0
"GK","Brentford","SoT",0
"GK","Brentford","Tkl",1
"GK","Brentford","TklW",1
"GK","Brentford","xG",0
"GK","Brighton","Aer.lost",0
"GK","Brighton","Ass",0
"GK","Brighton","Blocks",0
"GK","Brighton","Cha.lost",4
"GK","Brighton","Clr",19
"GK","Brighton","Cmp.",86.05
"GK","Brighton","Dist",0
"GK","Brighton","Err",4
"GK","Brighton","FK",0
"GK","Brighton","G.Sh",0
"GK","Brighton","Gls",0
"GK","Brighton","Int",0
"GK","Brighton","PK",0
"GK","Brighton","PenS",0
"GK","Brighton","Rcd",0
"GK","Brighton","Saves",49
"GK","Brighton","Sh",0
"GK","Brighton","SoT",0
"GK","Brighton","Tkl",1
"GK","Brighton","TklW",1
"GK","Brighton","xG",0
"GK","Burnley","Aer.lost",3
"GK","Burnley","Ass",0
"GK","Burnley","Blocks",0
"GK","Burnley","Cha.lost",0
"GK","Burnley","Clr",28
"GK","Burnley","Cmp.",67.3
"GK","Burnley","Dist",0
"GK","Burnley","Err",5
"GK","Burnley","FK",0
"GK","Burnley","G.Sh",0
"GK","Burnley","Gls",0
"GK","Burnley","Int",1
"GK","Burnley","PK",0
"GK","Burnley","PenS",0
"GK","Burnley","Rcd",0
"GK","Burnley","Saves",69
"GK","Burnley","Sh",0
"GK","Burnley","SoT",0
"GK","Burnley","Tkl",3
"GK","Burnley","TklW",2
"GK","Burnley","xG",0
"GK","Chelsea","Aer.lost",0
"GK","Chelsea","Ass",0
"GK","Chelsea","Blocks",0
"GK","Chelsea","Cha.lost",0
"GK","Chelsea","Clr",0
"GK","Chelsea","Cmp.",0
"GK","Chelsea","Dist",0
"GK","Chelsea","Err",0
"GK","Chelsea","FK",0
"GK","Chelsea","G.Sh",0
"GK","Chelsea","Gls",0
"GK","Chelsea","Int",0
"GK","Chelsea","PK",0
"GK","Chelsea","PenS",1
"GK","Chelsea","Rcd",0
"GK","Chelsea","Saves",58
"GK","Chelsea","Sh",0
"GK","Chelsea","SoT",0
"GK","Chelsea","Tkl",0
"GK","Chelsea","TklW",0
"GK","Chelsea","xG",0
"GK","Crystal Palace","Aer.lost",1
"GK","Crystal Palace","Ass",0
"GK","Crystal Palace","Blocks",0
"GK","Crystal Palace","Cha.lost",1
"GK","Crystal Palace","Clr",14
"GK","Crystal Palace","Cmp.",38.3333333333333
"GK","Crystal Palace","Dist",0
"GK","Crystal Palace","Err",2
"GK","Crystal Palace","FK",0
"GK","Crystal Palace","G.Sh",0
"GK","Crystal Palace","Gls",0
"GK","Crystal Palace","Int",1
"GK","Crystal Palace","PK",0
"GK","Crystal Palace","PenS",0
"GK","Crystal Palace","Rcd",0
"GK","Crystal Palace","Saves",46
"GK","Crystal Palace","Sh",0
"GK","Crystal Palace","SoT",0
"GK","Crystal Palace","Tkl",2
"GK","Crystal Palace","TklW",1
"GK","Crystal Palace","xG",0
"GK","Everton","Aer.lost",0
"GK","Everton","Ass",0
"GK","Everton","Blocks",3
"GK","Everton","Cha.lost",0
"GK","Everton","Clr",19
"GK","Everton","Cmp.",62.6
"GK","Everton","Dist",0
"GK","Everton","Err",1
"GK","Everton","FK",0
"GK","Everton","G.Sh",0
"GK","Everton","Gls",0
"GK","Everton","Int",0
"GK","Everton","PK",0
"GK","Everton","PenS",0
"GK","Everton","Rcd",0
"GK","Everton","Saves",46
"GK","Everton","Sh",0
"GK","Everton","SoT",0
"GK","Everton","Tkl",1
"GK","Everton","TklW",0
"GK","Everton","xG",0
"GK","Fulham","Aer.lost",1
"GK","Fulham","Ass",0
"GK","Fulham","Blocks",0
"GK","Fulham","Cha.lost",0
"GK","Fulham","Clr",14
"GK","Fulham","Cmp.",79.3
"GK","Fulham","Dist",0
"GK","Fulham","Err",1
"GK","Fulham","FK",0
"GK","Fulham","G.Sh",0
"GK","Fulham","Gls",0
"GK","Fulham","Int",0
"GK","Fulham","PK",0
"GK","Fulham","PenS",0
"GK","Fulham","Rcd",0
"GK","Fulham","Saves",73
"GK","Fulham","Sh",0
"GK","Fulham","SoT",0
"GK","Fulham","Tkl",0
"GK","Fulham","TklW",0
"GK","Fulham","xG",0
"GK","Liverpool","Aer.lost",2
"GK","Liverpool","Ass",0
"GK","Liverpool","Blocks",0
"GK","Liverpool","Cha.lost",1
"GK","Liverpool","Clr",11
"GK","Liverpool","Cmp.",86.3
"GK","Liverpool","Dist",0
"GK","Liverpool","Err",4
"GK","Liverpool","FK",0
"GK","Liverpool","G.Sh",0
"GK","Liverpool","Gls",0
"GK","Liverpool","Int",0
"GK","Liverpool","PK",0
"GK","Liverpool","PenS",0
"GK","Liverpool","Rcd",0
"GK","Liverpool","Saves",53
"GK","Liverpool","Sh",0
"GK","Liverpool","SoT",0
"GK","Liverpool","Tkl",0
"GK","Liverpool","TklW",0
"GK","Liverpool","xG",0
"GK","Luton Town","Aer.lost",0
"GK","Luton Town","Ass",0
"GK","Luton Town","Blocks",1
"GK","Luton Town","Cha.lost",4
"GK","Luton Town","Clr",16
"GK","Luton Town","Cmp.",62.95
"GK","Luton Town","Dist",0
"GK","Luton Town","Err",2
"GK","Luton Town","FK",0
"GK","Luton Town","G.Sh",0
"GK","Luton Town","Gls",0
"GK","Luton Town","Int",0
"GK","Luton Town","PK",0
"GK","Luton Town","PenS",0
"GK","Luton Town","Rcd",0
"GK","Luton Town","Saves",64
"GK","Luton Town","Sh",0
"GK","Luton Town","SoT",0
"GK","Luton Town","Tkl",2
"GK","Luton Town","TklW",1
"GK","Luton Town","xG",0
"GK","Manchester City","Aer.lost",0
"GK","Manchester City","Ass",0
"GK","Manchester City","Blocks",0
"GK","Manchester City","Cha.lost",1
"GK","Manchester City","Clr",12
"GK","Manchester City","Cmp.",83.7
"GK","Manchester City","Dist",0
"GK","Manchester City","Err",2
"GK","Manchester City","FK",0
"GK","Manchester City","G.Sh",0
"GK","Manchester City","Gls",0
"GK","Manchester City","Int",0
"GK","Manchester City","PK",0
"GK","Manchester City","PenS",0
"GK","Manchester City","Rcd",0
"GK","Manchester City","Saves",31
"GK","Manchester City","Sh",0
"GK","Manchester City","SoT",0
"GK","Manchester City","Tkl",0
"GK","Manchester City","TklW",0
"GK","Manchester City","xG",0
"GK","Manchester Utd","Aer.lost",0
"GK","Manchester Utd","Ass",0
"GK","Manchester Utd","Blocks",0
"GK","Manchester Utd","Cha.lost",0
"GK","Manchester Utd","Clr",0
"GK","Manchester Utd","Cmp.",0
"GK","Manchester Utd","Dist",0
"GK","Manchester Utd","Err",0
"GK","Manchester Utd","FK",0
"GK","Manchester Utd","G.Sh",0
"GK","Manchester Utd","Gls",0
"GK","Manchester Utd","Int",0
"GK","Manchester Utd","PK",0
"GK","Manchester Utd","PenS",0
"GK","Manchester Utd","Rcd",0
"GK","Manchester Utd","Saves",68
"GK","Manchester Utd","Sh",0
"GK","Manchester Utd","SoT",0
"GK","Manchester Utd","Tkl",0
"GK","Manchester Utd","TklW",0
"GK","Manchester Utd","xG",0
"GK","Newcastle Utd","Aer.lost",1
"GK","Newcastle Utd","Ass",0
"GK","Newcastle Utd","Blocks",0
"GK","Newcastle Utd","Cha.lost",1
"GK","Newcastle Utd","Clr",8
"GK","Newcastle Utd","Cmp.",66.85
"GK","Newcastle Utd","Dist",0
"GK","Newcastle Utd","Err",2
"GK","Newcastle Utd","FK",0
"GK","Newcastle Utd","G.Sh",0
"GK","Newcastle Utd","Gls",0
"GK","Newcastle Utd","Int",0
"GK","Newcastle Utd","PK",0
"GK","Newcastle Utd","PenS",0
"GK","Newcastle Utd","Rcd",0
"GK","Newcastle Utd","Saves",58
"GK","Newcastle Utd","Sh",0
"GK","Newcastle Utd","SoT",0
"GK","Newcastle Utd","Tkl",0
"GK","Newcastle Utd","TklW",0
"GK","Newcastle Utd","xG",0
"GK","Nott'ham Forest","Aer.lost",0
"GK","Nott'ham Forest","Ass",0
"GK","Nott'ham Forest","Blocks",0
"GK","Nott'ham Forest","Cha.lost",1
"GK","Nott'ham Forest","Clr",20
"GK","Nott'ham Forest","Cmp.",72.8666666666667
"GK","Nott'ham Forest","Dist",0
"GK","Nott'ham Forest","Err",5
"GK","Nott'ham Forest","FK",0
"GK","Nott'ham Forest","G.Sh",0
"GK","Nott'ham Forest","Gls",0
"GK","Nott'ham Forest","Int",0
"GK","Nott'ham Forest","PK",0
"GK","Nott'ham Forest","PenS",0
"GK","Nott'ham Forest","Rcd",0
"GK","Nott'ham Forest","Saves",52
"GK","Nott'ham Forest","Sh",0
"GK","Nott'ham Forest","SoT",0
"GK","Nott'ham Forest","Tkl",0
"GK","Nott'ham Forest","TklW",0
"GK","Nott'ham Forest","xG",0
"GK","Sheffield Utd","Aer.lost",1
"GK","Sheffield Utd","Ass",0
"GK","Sheffield Utd","Blocks",0
"GK","Sheffield Utd","Cha.lost",1
"GK","Sheffield Utd","Clr",18
"GK","Sheffield Utd","Cmp.",56.5
"GK","Sheffield Utd","Dist",0
"GK","Sheffield Utd","Err",6
"GK","Sheffield Utd","FK",0
"GK","Sheffield Utd","G.Sh",0
"GK","Sheffield Utd","Gls",0
"GK","Sheffield Utd","Int",0
"GK","Sheffield Utd","PK",0
"GK","Sheffield Utd","PenS",0
"GK","Sheffield Utd","Rcd",0
"GK","Sheffield Utd","Saves",84
"GK","Sheffield Utd","Sh",0
"GK","Sheffield Utd","SoT",0
"GK","Sheffield Utd","Tkl",5
"GK","Sheffield Utd","TklW",3
"GK","Sheffield Utd","xG",0
"GK","Tottenham","Aer.lost",1
"GK","Tottenham","Ass",0
"GK","Tottenham","Blocks",0
"GK","Tottenham","Cha.lost",1
"GK","Tottenham","Clr",31
"GK","Tottenham","Cmp.",85.1
"GK","Tottenham","Dist",0
"GK","Tottenham","Err",2
"GK","Tottenham","FK",0
"GK","Tottenham","G.Sh",0
"GK","Tottenham","Gls",0
"GK","Tottenham","Int",1
"GK","Tottenham","PK",0
"GK","Tottenham","PenS",0
"GK","Tottenham","Rcd",0
"GK","Tottenham","Saves",57
"GK","Tottenham","Sh",0
"GK","Tottenham","SoT",0
"GK","Tottenham","Tkl",0
"GK","Tottenham","TklW",0
"GK","Tottenham","xG",0
"GK","West Ham","Aer.lost",1
"GK","West Ham","Ass",0
"GK","West Ham","Blocks",0
"GK","West Ham","Cha.lost",2
"GK","West Ham","Clr",16
"GK","West Ham","Cmp.",64.8
"GK","West Ham","Dist",0
"GK","West Ham","Err",0
"GK","West Ham","FK",0
"GK","West Ham","G.Sh",0
"GK","West Ham","Gls",0
"GK","West Ham","Int",1
"GK","West Ham","PK",0
"GK","West Ham","PenS",1
"GK","West Ham","Rcd",0
"GK","West Ham","Saves",63
"GK","West Ham","Sh",0
"GK","West Ham","SoT",0
"GK","West Ham","Tkl",1
"GK","West Ham","TklW",1
"GK","West Ham","xG",0
"GK","Wolves","Aer.lost",0
"GK","Wolves","Ass",0
"GK","Wolves","Blocks",0
"GK","Wolves","Cha.lost",1
"GK","Wolves","Clr",1
"GK","Wolves","Cmp.",66.7
"GK","Wolves","Dist",0
"GK","Wolves","Err",0
"GK","Wolves","FK",0
"GK","Wolves","G.Sh",0
"GK","Wolves","Gls",0
"GK","Wolves","Int",0
"GK","Wolves","PK",0
"GK","Wolves","PenS",0
"GK","Wolves","Rcd",0
"GK","Wolves","Saves",57
"GK","Wolves","Sh",0
"GK","Wolves","SoT",0
"GK","Wolves","Tkl",0
"GK","Wolves","TklW",0
"GK","Wolves","xG",0
"MF","Arsenal","Aer.lost",165
"MF","Arsenal","Ass",22
"MF","Arsenal","Blocks",92
"MF","Arsenal","Cha.lost",70
"MF","Arsenal","Clr",93
"MF","Arsenal","Cmp.",87.8
"MF","Arsenal","Dist",18.9333333333333
"MF","Arsenal","Err",1
"MF","Arsenal","FK",4
"MF","Arsenal","G.Sh",0.42
"MF","Arsenal","Gls",23
"MF","Arsenal","Int",93
"MF","Arsenal","PK",4
"MF","Arsenal","PenS",0
"MF","Arsenal","Rcd",1
"MF","Arsenal","Saves",0
"MF","Arsenal","Sh",162
"MF","Arsenal","SoT",54
"MF","Arsenal","Tkl",163
"MF","Arsenal","TklW",90
"MF","Arsenal","xG",20.1
"MF","Aston Villa","Aer.lost",193
"MF","Aston Villa","Ass",21
"MF","Aston Villa","Blocks",148
"MF","Aston Villa","Cha.lost",152
"MF","Aston Villa","Clr",91
"MF","Aston Villa","Cmp.",83.8
"MF","Aston Villa","Dist",18.0333333333333
"MF","Aston Villa","Err",3
"MF","Aston Villa","FK",9
"MF","Aston Villa","G.Sh",1.27
"MF","Aston Villa","Gls",28
"MF","Aston Villa","Int",98
"MF","Aston Villa","PK",4
"MF","Aston Villa","PenS",0
"MF","Aston Villa","Rcd",1
"MF","Aston Villa","Saves",0
"MF","Aston Villa","Sh",178
"MF","Aston Villa","SoT",61
"MF","Aston Villa","Tkl",238
"MF","Aston Villa","TklW",139
"MF","Aston Villa","xG",21.2
"MF","Bournemouth","Aer.lost",141
"MF","Bournemouth","Ass",10
"MF","Bournemouth","Blocks",151
"MF","Bournemouth","Cha.lost",148
"MF","Bournemouth","Clr",160
"MF","Bournemouth","Cmp.",76.4
"MF","Bournemouth","Dist",21.8333333333333
"MF","Bournemouth","Err",5
"MF","Bournemouth","FK",11
"MF","Bournemouth","G.Sh",0.32
"MF","Bournemouth","Gls",8
"MF","Bournemouth","Int",164
"MF","Bournemouth","PK",0
"MF","Bournemouth","PenS",0
"MF","Bournemouth","Rcd",1
"MF","Bournemouth","Saves",0
"MF","Bournemouth","Sh",121
"MF","Bournemouth","SoT",40
"MF","Bournemouth","Tkl",244
"MF","Bournemouth","TklW",136
"MF","Bournemouth","xG",9.3
"MF","Brentford","Aer.lost",87
"MF","Brentford","Ass",13
"MF","Brentford","Blocks",136
"MF","Brentford","Cha.lost",154
"MF","Brentford","Clr",127
"MF","Brentford","Cmp.",73.8333333333333
"MF","Brentford","Dist",16.8571428571429
"MF","Brentford","Err",5
"MF","Brentford","FK",4
"MF","Brentford","G.Sh",0.81
"MF","Brentford","Gls",6
"MF","Brentford","Int",102
"MF","Brentford","PK",0
"MF","Brentford","PenS",0
"MF","Brentford","Rcd",0
"MF","Brentford","Saves",0
"MF","Brentford","Sh",101
"MF","Brentford","SoT",35
"MF","Brentford","Tkl",204
"MF","Brentford","TklW",126
"MF","Brentford","xG",10
"MF","Brighton","Aer.lost",56
"MF","Brighton","Ass",22
"MF","Brighton","Blocks",91
"MF","Brighton","Cha.lost",81
"MF","Brighton","Clr",68
"MF","Brighton","Cmp.",85.2857142857143
"MF","Brighton","Dist",21.0125
"MF","Brighton","Err",4
"MF","Brighton","FK",4
"MF","Brighton","G.Sh",0.16
"MF","Brighton","Gls",6
"MF","Brighton","Int",38
"MF","Brighton","PK",1
"MF","Brighton","PenS",0
"MF","Brighton","Rcd",1
"MF","Brighton","Saves",0
"MF","Brighton","Sh",144
"MF","Brighton","SoT",43
"MF","Brighton","Tkl",113
"MF","Brighton","TklW",58
"MF","Brighton","xG",12.1
"MF","Burnley","Aer.lost",187
"MF","Burnley","Ass",6
"MF","Burnley","Blocks",181
"MF","Burnley","Cha.lost",102
"MF","Burnley","Clr",174
"MF","Burnley","Cmp.",75.41
"MF","Burnley","Dist",19.5111111111111
"MF","Burnley","Err",4
"MF","Burnley","FK",10
"MF","Burnley","G.Sh",0.49
"MF","Burnley","Gls",13
"MF","Burnley","Int",89
"MF","Burnley","PK",1
"MF","Burnley","PenS",0
"MF","Burnley","Rcd",1
"MF","Burnley","Saves",0
"MF","Burnley","Sh",166
"MF","Burnley","SoT",48
"MF","Burnley","Tkl",235
"MF","Burnley","TklW",148
"MF","Burnley","xG",12.8
"MF","Chelsea","Aer.lost",33
"MF","Chelsea","Ass",19
"MF","Chelsea","Blocks",57
"MF","Chelsea","Cha.lost",52
"MF","Chelsea","Clr",40
"MF","Chelsea","Cmp.",86.5666666666667
"MF","Chelsea","Dist",22.1
"MF","Chelsea","Err",0
"MF","Chelsea","FK",2
"MF","Chelsea","G.Sh",0.46
"MF","Chelsea","Gls",7
"MF","Chelsea","Int",44
"MF","Chelsea","PK",1
"MF","Chelsea","PenS",0
"MF","Chelsea","Rcd",1
"MF","Chelsea","Saves",0
"MF","Chelsea","Sh",95
"MF","Chelsea","SoT",30
"MF","Chelsea","Tkl",105
"MF","Chelsea","TklW",66
"MF","Chelsea","xG",9.6
"MF","Crystal Palace","Aer.lost",95
"MF","Crystal Palace","Ass",8
"MF","Crystal Palace","Blocks",118
"MF","Crystal Palace","Cha.lost",95
"MF","Crystal Palace","Clr",134
"MF","Crystal Palace","Cmp.",81.1285714285714
"MF","Crystal Palace","Dist",19.7142857142857
"MF","Crystal Palace","Err",1
"MF","Crystal Palace","FK",10
"MF","Crystal Palace","G.Sh",0.12
"MF","Crystal Palace","Gls",7
"MF","Crystal Palace","Int",93
"MF","Crystal Palace","PK",1
"MF","Crystal Palace","PenS",0
"MF","Crystal Palace","Rcd",1
"MF","Crystal Palace","Saves",0
"MF","Crystal Palace","Sh",122
"MF","Crystal Palace","SoT",40
"MF","Crystal Palace","Tkl",213
"MF","Crystal Palace","TklW",123
"MF","Crystal Palace","xG",10.6
"MF","Everton","Aer.lost",134
"MF","Everton","Ass",9
"MF","Everton","Blocks",180
"MF","Everton","Cha.lost",159
"MF","Everton","Clr",155
"MF","Everton","Cmp.",72.6272727272727
"MF","Everton","Dist",19.1444444444444
"MF","Everton","Err",1
"MF","Everton","FK",8
"MF","Everton","G.Sh",0.7
"MF","Everton","Gls",12
"MF","Everton","Int",136
"MF","Everton","PK",0
"MF","Everton","PenS",0
"MF","Everton","Rcd",0
"MF","Everton","Saves",0
"MF","Everton","Sh",192
"MF","Everton","SoT",55
"MF","Everton","Tkl",331
"MF","Everton","TklW",186
"MF","Everton","xG",14.9
"MF","Fulham","Aer.lost",55
"MF","Fulham","Ass",20
"MF","Fulham","Blocks",51
"MF","Fulham","Cha.lost",61
"MF","Fulham","Clr",42
"MF","Fulham","Cmp.",80.325
"MF","Fulham","Dist",18.4
"MF","Fulham","Err",0
"MF","Fulham","FK",6
"MF","Fulham","G.Sh",0.3
"MF","Fulham","Gls",7
"MF","Fulham","Int",28
"MF","Fulham","PK",0
"MF","Fulham","PenS",0
"MF","Fulham","Rcd",0
"MF","Fulham","Saves",0
"MF","Fulham","Sh",114
"MF","Fulham","SoT",35
"MF","Fulham","Tkl",79
"MF","Fulham","TklW",47
"MF","Fulham","xG",8.5
"MF","Liverpool","Aer.lost",114
"MF","Liverpool","Ass",18
"MF","Liverpool","Blocks",202
"MF","Liverpool","Cha.lost",198
"MF","Liverpool","Clr",99
"MF","Liverpool","Cmp.",82.8
"MF","Liverpool","Dist",22.1
"MF","Liverpool","Err",5
"MF","Liverpool","FK",9
"MF","Liverpool","G.Sh",0.41
"MF","Liverpool","Gls",11
"MF","Liverpool","Int",99
"MF","Liverpool","PK",1
"MF","Liverpool","PenS",0
"MF","Liverpool","Rcd",3
"MF","Liverpool","Saves",0
"MF","Liverpool","Sh",158
"MF","Liverpool","SoT",42
"MF","Liverpool","Tkl",265
"MF","Liverpool","TklW",147
"MF","Liverpool","xG",11
"MF","Luton Town","Aer.lost",200
"MF","Luton Town","Ass",5
"MF","Luton Town","Blocks",192
"MF","Luton Town","Cha.lost",148
"MF","Luton Town","Clr",187
"MF","Luton Town","Cmp.",76.5545454545454
"MF","Luton Town","Dist",17.8555555555556
"MF","Luton Town","Err",10
"MF","Luton Town","FK",8
"MF","Luton Town","G.Sh",0.81
"MF","Luton Town","Gls",17
"MF","Luton Town","Int",95
"MF","Luton Town","PK",0
"MF","Luton Town","PenS",0
"MF","Luton Town","Rcd",0
"MF","Luton Town","Saves",0
"MF","Luton Town","Sh",198
"MF","Luton Town","SoT",55
"MF","Luton Town","Tkl",260
"MF","Luton Town","TklW",142
"MF","Luton Town","xG",16.7
"MF","Manchester City","Aer.lost",95
"MF","Manchester City","Ass",19
"MF","Manchester City","Blocks",99
"MF","Manchester City","Cha.lost",120
"MF","Manchester City","Clr",100
"MF","Manchester City","Cmp.",80.9470588235294
"MF","Manchester City","Dist",19.5666666666667
"MF","Manchester City","Err",9
"MF","Manchester City","FK",17
"MF","Manchester City","G.Sh",0.55
"MF","Manchester City","Gls",24
"MF","Manchester City","Int",59
"MF","Manchester City","PK",1
"MF","Manchester City","PenS",0
"MF","Manchester City","Rcd",2
"MF","Manchester City","Saves",0
"MF","Manchester City","Sh",211
"MF","Manchester City","SoT",77
"MF","Manchester City","Tkl",187
"MF","Manchester City","TklW",103
"MF","Manchester City","xG",20.3
"MF","Manchester Utd","Aer.lost",142
"MF","Manchester Utd","Ass",8
"MF","Manchester Utd","Blocks",221
"MF","Manchester Utd","Cha.lost",195
"MF","Manchester Utd","Clr",240
"MF","Manchester Utd","Cmp.",81.55
"MF","Manchester Utd","Dist",19.9285714285714
"MF","Manchester Utd","Err",6
"MF","Manchester Utd","FK",13
"MF","Manchester Utd","G.Sh",1.93
"MF","Manchester Utd","Gls",19
"MF","Manchester Utd","Int",99
"MF","Manchester Utd","PK",2
"MF","Manchester Utd","PenS",0
"MF","Manchester Utd","Rcd",0
"MF","Manchester Utd","Saves",0
"MF","Manchester Utd","Sh",163
"MF","Manchester Utd","SoT",62
"MF","Manchester Utd","Tkl",317
"MF","Manchester Utd","TklW",192
"MF","Manchester Utd","xG",17.1
"MF","Newcastle Utd","Aer.lost",80
"MF","Newcastle Utd","Ass",18
"MF","Newcastle Utd","Blocks",119
"MF","Newcastle Utd","Cha.lost",107
"MF","Newcastle Utd","Clr",80
"MF","Newcastle Utd","Cmp.",85.875
"MF","Newcastle Utd","Dist",15.2714285714286
"MF","Newcastle Utd","Err",3
"MF","Newcastle Utd","FK",0
"MF","Newcastle Utd","G.Sh",0.92
"MF","Newcastle Utd","Gls",13
"MF","Newcastle Utd","Int",55
"MF","Newcastle Utd","PK",0
"MF","Newcastle Utd","PenS",0
"MF","Newcastle Utd","Rcd",0
"MF","Newcastle Utd","Saves",0
"MF","Newcastle Utd","Sh",113
"MF","Newcastle Utd","SoT",37
"MF","Newcastle Utd","Tkl",171
"MF","Newcastle Utd","TklW",111
"MF","Newcastle Utd","xG",13.4
"MF","Nott'ham Forest","Aer.lost",118
"MF","Nott'ham Forest","Ass",9
"MF","Nott'ham Forest","Blocks",120
"MF","Nott'ham Forest","Cha.lost",75
"MF","Nott'ham Forest","Clr",139
"MF","Nott'ham Forest","Cmp.",81.85
"MF","Nott'ham Forest","Dist",19.8571428571429
"MF","Nott'ham Forest","Err",1
"MF","Nott'ham Forest","FK",3
"MF","Nott'ham Forest","G.Sh",0.31
"MF","Nott'ham Forest","Gls",8
"MF","Nott'ham Forest","Int",100
"MF","Nott'ham Forest","PK",1
"MF","Nott'ham Forest","PenS",0
"MF","Nott'ham Forest","Rcd",0
"MF","Nott'ham Forest","Saves",0
"MF","Nott'ham Forest","Sh",132
"MF","Nott'ham Forest","SoT",29
"MF","Nott'ham Forest","Tkl",165
"MF","Nott'ham Forest","TklW",94
"MF","Nott'ham Forest","xG",11
"MF","Sheffield Utd","Aer.lost",158
"MF","Sheffield Utd","Ass",4
"MF","Sheffield Utd","Blocks",193
"MF","Sheffield Utd","Cha.lost",176
"MF","Sheffield Utd","Clr",228
"MF","Sheffield Utd","Cmp.",74.2090909090909
"MF","Sheffield Utd","Dist",21.025
"MF","Sheffield Utd","Err",2
"MF","Sheffield Utd","FK",6
"MF","Sheffield Utd","G.Sh",0.27
"MF","Sheffield Utd","Gls",8
"MF","Sheffield Utd","Int",141
"MF","Sheffield Utd","PK",2
"MF","Sheffield Utd","PenS",0
"MF","Sheffield Utd","Rcd",0
"MF","Sheffield Utd","Saves",0
"MF","Sheffield Utd","Sh",100
"MF","Sheffield Utd","SoT",31
"MF","Sheffield Utd","Tkl",336
"MF","Sheffield Utd","TklW",203
"MF","Sheffield Utd","xG",8.1
"MF","Tottenham","Aer.lost",85
"MF","Tottenham","Ass",23
"MF","Tottenham","Blocks",95
"MF","Tottenham","Cha.lost",81
"MF","Tottenham","Clr",109
"MF","Tottenham","Cmp.",86.4285714285714
"MF","Tottenham","Dist",19.6857142857143
"MF","Tottenham","Err",6
"MF","Tottenham","FK",5
"MF","Tottenham","G.Sh",0.47
"MF","Tottenham","Gls",10
"MF","Tottenham","Int",106
"MF","Tottenham","PK",0
"MF","Tottenham","PenS",0
"MF","Tottenham","Rcd",2
"MF","Tottenham","Saves",0
"MF","Tottenham","Sh",139
"MF","Tottenham","SoT",49
"MF","Tottenham","Tkl",210
"MF","Tottenham","TklW",135
"MF","Tottenham","xG",11.6
"MF","West Ham","Aer.lost",46
"MF","West Ham","Ass",17
"MF","West Ham","Blocks",57
"MF","West Ham","Cha.lost",57
"MF","West Ham","Clr",65
"MF","West Ham","Cmp.",81.1857142857143
"MF","West Ham","Dist",18.7333333333333
"MF","West Ham","Err",4
"MF","West Ham","FK",13
"MF","West Ham","G.Sh",0.58
"MF","West Ham","Gls",14
"MF","West Ham","Int",62
"MF","West Ham","PK",2
"MF","West Ham","PenS",0
"MF","West Ham","Rcd",0
"MF","West Ham","Saves",0
"MF","West Ham","Sh",105
"MF","West Ham","SoT",34
"MF","West Ham","Tkl",102
"MF","West Ham","TklW",61
"MF","West Ham","xG",14.2
"MF","Wolves","Aer.lost",113
"MF","Wolves","Ass",16
"MF","Wolves","Blocks",93
"MF","Wolves","Cha.lost",81
"MF","Wolves","Clr",109
"MF","Wolves","Cmp.",82.85
"MF","Wolves","Dist",21.2166666666667
"MF","Wolves","Err",0
"MF","Wolves","FK",9
"MF","Wolves","G.Sh",0.39
"MF","Wolves","Gls",12
"MF","Wolves","Int",96
"MF","Wolves","PK",2
"MF","Wolves","PenS",0
"MF","Wolves","Rcd",2
"MF","Wolves","Saves",0
"MF","Wolves","Sh",133
"MF","Wolves","SoT",44
"MF","Wolves","Tkl",172
"MF","Wolves","TklW",101
"MF","Wolves","xG",12.8
